{"R2_Score": 0.9135247186366289, "Mean_Squared_Error": 0.6961817470490167}